{"overall":{"status":"DONE","time":"2025-03-16T09:45:10Z"},"details":{"sca":{"status":"DONE","time":"2025-03-16T09:45:09Z"},"contextual_analysis":{"status":"DONE","time":"2025-03-16T09:45:09Z"},"exposures":{"status":"NOT_SCANNED","time":"2025-03-16T09:44:59Z","categories":{"secrets":{"time":"2025-03-16T09:44:59Z","status":"NOT_SCANNED"},"services":{"time":"2025-03-16T09:44:59Z","status":"NOT_SCANNED"},"applications":{"time":"2025-03-16T09:44:59Z","status":"NOT_SCANNED"}}},"violations":{"status":"DONE","time":"2025-03-16T09:45:10Z"}}}