[
   {
      "user_issue_id": "1901208109704511488",
      "comp_id": "build://Docker Image CI:4",
      "component_package_type": "build",
      "comp_name": "Docker Image CI",
      "comp_version": "4",
      "type": "security",
      "targets": null,
      "issue_id": "XRAY-95701",
      "paths": [
         "default/builds/Docker Image CI"
      ],
      "watcher_id": "7b33e39bd6d106ec54eea3fe",
      "watcher_name": "Security_watch_1",
      "matched_policies": [
         {
            "policy": "Security_policy_1",
            "rule": "Critical_CVEs",
            "is_blocking": false,
            "blocking_mask": 0,
            "is_skip_not_applicable": false
         }
      ],
      "summary": "A vulnerability was discovered in the PyYAML library in versions before 5.3.1, where it is susceptible to arbitrary code execution when it processes untrusted YAML files through the full_load method or with the FullLoader loader. Applications that use the library to process untrusted input may be vulnerable to this flaw. An attacker could use this flaw to execute arbitrary code on the system by abusing the python/object/new constructor.",
      "severity": "Critical",
      "updated": "2025-03-16T09:45:10Z",
      "permissions": {},
      "is_source_root": false,
      "is_high_profile": true,
      "high_profile_info": {
         "id": 0,
         "PublicVulnsTblID": 0,
         "VulnId": "XRAY-95701",
         "VulnerabilityTitle": "",
         "ShortDescription": "Insufficient input validation in the PyYAML library allows unauthenticated network attackers to perform code execution when parsing a crafted YAML file.",
         "FullDescription": "The [PyYAML](https://pypi.org/project/PyYAML/) library is a popular Python YAML parser.\n\nAttackers can trigger the exploit by supplying a crafted YAML file to the `full_load` method or a `load` method that uses `Loader=FullLoader` (which is the default). A public [Exploit (PoC)](https://gist.github.com/adamczi/23a3b6d4bb7b2be35e79b0667d6682e1) exists which demonstrates remote code execution, making this vulnerability likely to be exploited in practice.\n\nThe library implementation has a [prototype pollution](https://shieldfy.io/security-wiki/prototype-pollution/introduction-to-prototype-pollution/) issue in the `construct_python_object_apply()` function in the `lib/yaml/constructor.py` module, used by the `full_load()` method and the `FullLoader` loader. This allows an attacker to create a property for an object created from the loaded file. The constructor does not check the attribute for conflicts; for example, it is possible to create an `extend` attribute when an `extend` method already exists in an object. This can be exploited to replace the `extend` method with the insecure `yaml.unsafe_load()` function, which is later invoked by `construct_python_object_apply()` and executes a malicious YAML payload. \n\nThe [official solution]() provides a blacklist of properties and attributes that cannot be redefined, such as the `extend` method and all special methods (`__set__`, `__setitem__`, etc.). In addition, the `README` file is updated with a request to use the `safe_load()` function and `SafeLoader` loader for all untrusted input. It is still possible to use the `UnsafeLoader`, and the fix does not completely solve the problem, as shown by the later CVE-2020-14343.\n\nThe vulnerability was discovered by [Riccardo Schirone](https://github.com/ret2libc).",
         "Impact": 7,
         "VulnerabilityType": "Remote code execution",
         "Resolution": "##### Development mitigations\n\n* Use `yaml.safe_load()` or the `SafeLoader` loader for all inputs.",
         "ExtendedImpactReasons": [
            {
               "id": 0,
               "PublicVulnsExtendedTblId": 0,
               "Name": "The prerequisites for exploiting the issue are either extremely common or nonexistent (always exploitable)",
               "Description": "",
               "IsPositive": 0,
               "InsertOrder": 3
            },
            {
               "id": 0,
               "PublicVulnsExtendedTblId": 0,
               "Name": "The issue can be exploited by attackers over the network",
               "Description": "",
               "IsPositive": 0,
               "InsertOrder": 1
            },
            {
               "id": 0,
               "PublicVulnsExtendedTblId": 0,
               "Name": "The issue has an exploit published",
               "Description": "",
               "IsPositive": 0,
               "InsertOrder": 4
            },
            {
               "id": 0,
               "PublicVulnsExtendedTblId": 0,
               "Name": "The issue results in a severe impact (such as remote code execution)",
               "Description": "",
               "IsPositive": 0,
               "InsertOrder": 2
            }
         ],
         "ExtendedReferences": [
            {
               "id": 0,
               "PublicVulnsExtendedTblId": 0,
               "RefType": "Advisory",
               "Title": "Exploit (PoC)",
               "Url": "https://gist.github.com/adamczi/23a3b6d4bb7b2be35e79b0667d6682e1",
               "InsertOrder": 1
            },
            {
               "id": 0,
               "PublicVulnsExtendedTblId": 0,
               "RefType": "Advisory",
               "Title": "CVE-2020-1747 PyYAML PoC blog",
               "Url": "https://2130706433.net/blog/pyyaml/",
               "InsertOrder": 2
            },
            {
               "id": 0,
               "PublicVulnsExtendedTblId": 0,
               "RefType": "Advisory",
               "Title": "VMWare: PyYAML: arbitrary command executions",
               "Url": "https://kb.vmware.com/s/article/79055",
               "InsertOrder": 3
            },
            {
               "id": 0,
               "PublicVulnsExtendedTblId": 0,
               "RefType": "Advisory",
               "Title": "PyYAML documentation: yaml.load(input) deprecation",
               "Url": "https://github.com/yaml/pyyaml/wiki/PyYAML-yaml.load%28input%29-Deprecation",
               "InsertOrder": 4
            },
            {
               "id": 0,
               "PublicVulnsExtendedTblId": 0,
               "RefType": "Exploit",
               "Title": "https://gist.github.com/adamczi/23a3b6d4bb7b2be35e79b0667d6682e1",
               "Url": "https://gist.github.com/adamczi/23a3b6d4bb7b2be35e79b0667d6682e1",
               "InsertOrder": 5
            },
            {
               "id": 0,
               "PublicVulnsExtendedTblId": 0,
               "RefType": "Patch",
               "Title": "https://github.com/yaml/pyyaml/pull/386/commits/6f675f711a807af61233355c6d127a3a2e412dbe",
               "Url": "https://github.com/yaml/pyyaml/pull/386/commits/6f675f711a807af61233355c6d127a3a2e412dbe",
               "InsertOrder": 6
            }
         ],
         "ExtendedRelatedVulns": null
      },
      "cve_applicability_info": {
         "scanner_available": true,
         "component_id": "build://Docker Image CI:4",
         "source_comp_id": "pypi://PyYAML:5.2",
         "cve_id": "CVE-2020-1747",
         "scan_status": 1,
         "applicability": true,
         "evidence": null,
         "info": "The vulnerable function yaml.full_load/load is called",
         "details": null
      },
      "applicability_detail": {
         "component_id": "build://Docker Image CI:4",
         "source_comp_id": "pypi://PyYAML:5.2",
         "vulnerability_id": "CVE-2020-1747",
         "result": "applicable"
      },
      "is_exposures_issue": false,
      "is_package_issue": false,
      "source": "PyYAML",
      "source_version": "5.2",
      "source_id": "pypi://PyYAML",
      "component_physical_paths": [
         "jfrog-docker-example/4/sha256__60aad017cf4a8fe66460040cd1e310f7e2cd17f82d5406330ff54ad1f8498230.tar.gz/lib/python3.8/site-packages/PyYAML/METADATA",
         "jfrog-docker-example/4/sha256__60aad017cf4a8fe66460040cd1e310f7e2cd17f82d5406330ff54ad1f8498230.tar.gz/PyYAML:5.2"
      ]
   },
   {
      "user_issue_id": "1901208109469630464",
      "comp_id": "build://Docker Image CI:4",
      "component_package_type": "build",
      "comp_name": "Docker Image CI",
      "comp_version": "4",
      "type": "security",
      "targets": null,
      "issue_id": "XRAY-177146",
      "paths": [
         "default/builds/Docker Image CI"
      ],
      "watcher_id": "7b33e39bd6d106ec54eea3fe",
      "watcher_name": "Security_watch_1",
      "matched_policies": [
         {
            "policy": "Security_policy_1",
            "rule": "Critical_CVEs",
            "is_blocking": false,
            "blocking_mask": 0,
            "is_skip_not_applicable": false
         }
      ],
      "summary": "An issue was discovered in Pillow before 8.2.0. There is an out-of-bounds read in J2kDecode, in j2ku_gray_i.",
      "severity": "Critical",
      "updated": "2025-03-16T09:45:10Z",
      "permissions": {},
      "is_source_root": false,
      "is_high_profile": true,
      "high_profile_info": {
         "id": 0,
         "PublicVulnsTblID": 0,
         "VulnId": "XRAY-177146",
         "VulnerabilityTitle": "",
         "ShortDescription": "A heap read out-of-bounds in Pillow could lead to denial of service when parsing malicious image files.",
         "FullDescription": "Python applications that utilize the Pillow image processing library and decode files arriving from the user, may be susceptible to a read out of bounds vulnerability.  The vulnerability is not in Python code but in the underlying C implementation of Pillow and originates from an inconsistency in the calculation of image size in memory which can result in reading out of the bounds of the image buffer (and possibly being stored to the image object) when parsing a j2k file. This vulnerability is similar to [CVE-2021-25287](https://nvd.nist.gov/vuln/detail/CVE-2021-25287) and which was also fixed in the same version.\n\nThe vulnerability is exploitable when the application decodes an attacker-controlled image file, for example by using the API `Image.open`. Regarding any data leakage impact, the ability of the attacker to access the processed image and gain useful information is highly nontrivial and depends on the application itself (for example the application may allow the attacker to download the processed image, which may contain leaked data)\n\nj2k (aka jpeg2000) consists of bands; color resolution (bytes per pixel) of each band can be different; in versions before 8.2.0, calculation of the buffer size assumed that the color resolutions of all bands are the same, which may lead to accessing data beyond the original buffer size when decoding a malicious image.",
         "Impact": 5,
         "VulnerabilityType": "Denial of service",
         "Resolution": "",
         "ExtendedImpactReasons": [
            {
               "id": 0,
               "PublicVulnsExtendedTblId": 0,
               "Name": "No high-impact exploit or technical writeup were published, and exploitation of the issue with high impact is either non-trivial or completely unproven",
               "Description": "",
               "IsPositive": 1,
               "InsertOrder": 1
            },
            {
               "id": 0,
               "PublicVulnsExtendedTblId": 0,
               "Name": "Exploitation of the issue is only possible when the vulnerable component is used in a specific manner. The attacker has to perform per-target research to determine the vulnerable attack vector",
               "Description": "",
               "IsPositive": 1,
               "InsertOrder": 2
            },
            {
               "id": 0,
               "PublicVulnsExtendedTblId": 0,
               "Name": "The issue cannot result in a severe impact (such as remote code execution)",
               "Description": "Denial of service or non-sensitive information leak",
               "IsPositive": 1,
               "InsertOrder": 3
            }
         ],
         "ExtendedReferences": [
            {
               "id": 0,
               "PublicVulnsExtendedTblId": 0,
               "RefType": "Advisory",
               "Title": "Commit fix on GitHub",
               "Url": "https://github.com/python-pillow/Pillow/pull/5377/commits/3bf5eddb89afdf690eceaa52bc4d3546ba9a5f87",
               "InsertOrder": 1
            },
            {
               "id": 0,
               "PublicVulnsExtendedTblId": 0,
               "RefType": "Advisory",
               "Title": "NVD advisory",
               "Url": "https://nvd.nist.gov/vuln/detail/CVE-2021-25288",
               "InsertOrder": 2
            }
         ],
         "ExtendedRelatedVulns": null
      },
      "applicability_detail": {
         "component_id": "build://Docker Image CI:4",
         "source_comp_id": "",
         "vulnerability_id": "CVE-2021-25288",
         "result": "not_scanned"
      },
      "is_exposures_issue": false,
      "is_package_issue": false,
      "source": "pillow",
      "source_version": "5.2.0",
      "source_id": "pypi://pillow",
      "component_physical_paths": [
         "jfrog-docker-example/4/sha256__60aad017cf4a8fe66460040cd1e310f7e2cd17f82d5406330ff54ad1f8498230.tar.gz/lib/python3.8/site-packages/pillow/METADATA"
      ]
   },
   {
      "user_issue_id": "1901208109440270336",
      "comp_id": "build://Docker Image CI:4",
      "component_package_type": "build",
      "comp_name": "Docker Image CI",
      "comp_version": "4",
      "type": "security",
      "targets": null,
      "issue_id": "XRAY-140308",
      "paths": [
         "default/builds/Docker Image CI"
      ],
      "watcher_id": "7b33e39bd6d106ec54eea3fe",
      "watcher_name": "Security_watch_1",
      "matched_policies": [
         {
            "policy": "Security_policy_1",
            "rule": "Critical_CVEs",
            "is_blocking": false,
            "blocking_mask": 0,
            "is_skip_not_applicable": false
         }
      ],
      "summary": "A vulnerability was discovered in the PyYAML library in versions before 5.4, where it is susceptible to arbitrary code execution when it processes untrusted YAML files through the full_load method or with the FullLoader loader. Applications that use the library to process untrusted input may be vulnerable to this flaw. This flaw allows an attacker to execute arbitrary code on the system by abusing the python/object/new constructor. This flaw is due to an incomplete fix for CVE-2020-1747.",
      "severity": "Critical",
      "updated": "2025-03-16T09:45:10Z",
      "permissions": {},
      "is_source_root": false,
      "is_high_profile": true,
      "high_profile_info": {
         "id": 0,
         "PublicVulnsTblID": 0,
         "VulnId": "XRAY-140308",
         "VulnerabilityTitle": "",
         "ShortDescription": "An improper input validation in PyYAML when parsing untrusted YAML files can be used by an attacker to get remote code execution.",
         "FullDescription": "[PyYAML](https://github.com/yaml/pyyaml) is a python library used to parse YAML files.\n\nAn attacker can exploit this vulnerability for a remote code execution, when the library is used for parsing untrusted YAML files. No public exploit is available, but exploiting it for achieving remote code execution is considered trivial.\n\nAn attacker can exploit this vulnerability and execute code by adding a call to `eval` or `exec` in the `python/object/new` constructor on the crafted YAML file that gets parsed. For example -\n```yaml\n!!python/object/new:tuple \n- !!python/object/new:map \n  - !!python/name:eval\n  - [ print(\"RCE EXPLOIT!\") ]\n```\n\nThe vulnerability is applicable when the library's function `yaml.load()` is used with an attacker-supplied input, which by default loads a YAML file with the `FullLoader` class. This class calls the vulnerable  `full_load()` function which can cause code execution when the YAML is deserialized. For example - \n```python\nimport yaml\nfile_content = request.files['file'].read()\nprint('Loading yaml file...')\nyaml.load(file_content)\n```",
         "Impact": 7,
         "VulnerabilityType": "Remote code execution",
         "Resolution": "##### Development mitigations\n\nPerform any of the following -\n1. Replace any call to `yaml.load` or `yaml.full_load` with a call to `yaml.safe_load()`\n2. Replace any usage of the `Loader` or `FullLoader` class with the `SafeLoader` class",
         "ExtendedImpactReasons": [
            {
               "id": 0,
               "PublicVulnsExtendedTblId": 0,
               "Name": "The issue results in a severe impact (such as remote code execution)",
               "Description": "Python code injection",
               "IsPositive": 0,
               "InsertOrder": 1
            },
            {
               "id": 0,
               "PublicVulnsExtendedTblId": 0,
               "Name": "The issue is trivial to exploit and does not require a published writeup or PoC",
               "Description": "Even without a public exploit, exploitation is trivial as shown in the extended description",
               "IsPositive": 0,
               "InsertOrder": 2
            },
            {
               "id": 0,
               "PublicVulnsExtendedTblId": 0,
               "Name": "The prerequisites for exploiting the issue are either extremely common or nonexistent (always exploitable)",
               "Description": "It is likely that a program that uses PyYAML would pass remote input to `yaml.load()` since this is the main API of the PyYAML package",
               "IsPositive": 0,
               "InsertOrder": 3
            },
            {
               "id": 0,
               "PublicVulnsExtendedTblId": 0,
               "Name": "Exploitation of the issue is only possible when the vulnerable component is used in a specific manner. The attacker has to perform per-target research to determine the vulnerable attack vector",
               "Description": "The attacker has to find a remote input that propagates into the `yaml.load` API",
               "IsPositive": 1,
               "InsertOrder": 4
            }
         ],
         "ExtendedReferences": [
            {
               "id": 0,
               "PublicVulnsExtendedTblId": 0,
               "RefType": "Patch",
               "Title": "https://github.com/yaml/pyyaml/pull/472/commits/7adc0db3f613a82669f2b168edd98379b83adb3c",
               "Url": "https://github.com/yaml/pyyaml/pull/472/commits/7adc0db3f613a82669f2b168edd98379b83adb3c",
               "InsertOrder": 1
            },
            {
               "id": 0,
               "PublicVulnsExtendedTblId": 0,
               "RefType": "Advisory",
               "Title": "Advisory",
               "Url": "https://bugzilla.redhat.com/show_bug.cgi?id=1860466",
               "InsertOrder": 2
            }
         ],
         "ExtendedRelatedVulns": null
      },
      "cve_applicability_info": {
         "scanner_available": true,
         "component_id": "build://Docker Image CI:4",
         "source_comp_id": "pypi://PyYAML:5.2",
         "cve_id": "CVE-2020-14343",
         "scan_status": 1,
         "applicability": true,
         "evidence": null,
         "info": "The vulnerable function yaml.full_load/load is called",
         "details": null
      },
      "applicability_detail": {
         "component_id": "build://Docker Image CI:4",
         "source_comp_id": "pypi://PyYAML:5.2",
         "vulnerability_id": "CVE-2020-14343",
         "result": "applicable"
      },
      "is_exposures_issue": false,
      "is_package_issue": false,
      "source": "PyYAML",
      "source_version": "5.2",
      "source_id": "pypi://PyYAML",
      "component_physical_paths": [
         "jfrog-docker-example/4/sha256__60aad017cf4a8fe66460040cd1e310f7e2cd17f82d5406330ff54ad1f8498230.tar.gz/PyYAML:5.2",
         "jfrog-docker-example/4/sha256__60aad017cf4a8fe66460040cd1e310f7e2cd17f82d5406330ff54ad1f8498230.tar.gz/lib/python3.8/site-packages/PyYAML/METADATA"
      ]
   },
   {
      "user_issue_id": "1901208109373161472",
      "comp_id": "build://Docker Image CI:4",
      "component_package_type": "build",
      "comp_name": "Docker Image CI",
      "comp_version": "4",
      "type": "security",
      "targets": null,
      "issue_id": "XRAY-255587",
      "paths": [
         "default/builds/Docker Image CI"
      ],
      "watcher_id": "7b33e39bd6d106ec54eea3fe",
      "watcher_name": "Security_watch_1",
      "matched_policies": [
         {
            "policy": "Security_policy_1",
            "rule": "Critical_CVEs",
            "is_blocking": false,
            "blocking_mask": 0,
            "is_skip_not_applicable": false
         }
      ],
      "summary": "TensorFlow is an open source platform for machine learning. The `GatherNd` function takes arguments that determine the sizes of inputs and outputs. If the inputs given are greater than or equal to the sizes of the outputs, an out-of-bounds memory read or a crash is triggered. This issue has been patched in GitHub commit 4142e47e9e31db481781b955ed3ff807a781b494. The fix will be included in TensorFlow 2.10.0. We will also cherrypick this commit on TensorFlow 2.9.1, TensorFlow 2.8.1, and TensorFlow 2.7.2, as these are also affected and still in supported range. There are no known workarounds for this issue.",
      "severity": "Critical",
      "updated": "2025-03-16T09:45:10Z",
      "permissions": {},
      "is_source_root": false,
      "is_high_profile": false,
      "applicability_detail": {
         "component_id": "build://Docker Image CI:4",
         "source_comp_id": "",
         "vulnerability_id": "CVE-2022-35938",
         "result": "not_covered"
      },
      "is_exposures_issue": false,
      "is_package_issue": false,
      "source": "tensorflow",
      "source_version": "2.8.0",
      "source_id": "pypi://tensorflow",
      "component_physical_paths": [
         "jfrog-docker-example/4/sha256__60aad017cf4a8fe66460040cd1e310f7e2cd17f82d5406330ff54ad1f8498230.tar.gz/lib/python3.8/site-packages/tensorflow/METADATA"
      ]
   },
   {
      "user_issue_id": "1901208109339607040",
      "comp_id": "build://Docker Image CI:4",
      "component_package_type": "build",
      "comp_name": "Docker Image CI",
      "comp_version": "4",
      "type": "security",
      "targets": null,
      "issue_id": "XRAY-255966",
      "paths": [
         "default/builds/Docker Image CI"
      ],
      "watcher_id": "7b33e39bd6d106ec54eea3fe",
      "watcher_name": "Security_watch_1",
      "matched_policies": [
         {
            "policy": "Security_policy_1",
            "rule": "Critical_CVEs",
            "is_blocking": false,
            "blocking_mask": 0,
            "is_skip_not_applicable": false
         }
      ],
      "summary": "TensorFlow is an open source platform for machine learning. The `ScatterNd` function takes an input argument that determines the indices of of the output tensor. An input index greater than the output tensor or less than zero will either write content at the wrong index or trigger a crash. We have patched the issue in GitHub commit b4d4b4cb019bd7240a52daa4ba61e3cc814f0384. The fix will be included in TensorFlow 2.10.0. We will also cherrypick this commit on TensorFlow 2.9.1, TensorFlow 2.8.1, and TensorFlow 2.7.2, as these are also affected and still in supported range. There are no known workarounds for this issue.",
      "severity": "Critical",
      "updated": "2025-03-16T09:45:10Z",
      "permissions": {},
      "is_source_root": false,
      "is_high_profile": false,
      "applicability_detail": {
         "component_id": "build://Docker Image CI:4",
         "source_comp_id": "",
         "vulnerability_id": "CVE-2022-35939",
         "result": "not_covered"
      },
      "is_exposures_issue": false,
      "is_package_issue": false,
      "source": "tensorflow",
      "source_version": "2.8.0",
      "source_id": "pypi://tensorflow",
      "component_physical_paths": [
         "jfrog-docker-example/4/sha256__60aad017cf4a8fe66460040cd1e310f7e2cd17f82d5406330ff54ad1f8498230.tar.gz/lib/python3.8/site-packages/tensorflow/METADATA"
      ]
   },
   {
      "user_issue_id": "1901208109738065920",
      "comp_id": "build://Docker Image CI:4",
      "component_package_type": "build",
      "comp_name": "Docker Image CI",
      "comp_version": "4",
      "type": "security",
      "targets": null,
      "issue_id": "XRAY-177147",
      "paths": [
         "default/builds/Docker Image CI"
      ],
      "watcher_id": "7b33e39bd6d106ec54eea3fe",
      "watcher_name": "Security_watch_1",
      "matched_policies": [
         {
            "policy": "Security_policy_1",
            "rule": "Critical_CVEs",
            "is_blocking": false,
            "blocking_mask": 0,
            "is_skip_not_applicable": false
         }
      ],
      "summary": "An issue was discovered in Pillow before 8.2.0. There is an out-of-bounds read in J2kDecode, in j2ku_graya_la.",
      "severity": "Critical",
      "updated": "2025-03-16T09:45:10Z",
      "permissions": {},
      "is_source_root": false,
      "is_high_profile": true,
      "high_profile_info": {
         "id": 0,
         "PublicVulnsTblID": 0,
         "VulnId": "XRAY-177147",
         "VulnerabilityTitle": "",
         "ShortDescription": "A heap read out-of-bounds in Pillow could lead to denial of service when parsing malicious image files.",
         "FullDescription": "Python applications that utilize the Pillow image processing library and decode files arriving from the user, may be susceptible to to a read out of bounds vulnerability.  The vulnerability is not in Python code but in the underlying C implementation of Pillow and originates from an inconsistency in the calculation of image size in memory which can result in reading out of the bounds of the image buffer (and possibly being stored to the image object) when parsing a j2k file. This vulnerability is similar to [CVE-2021-25288](https://nvd.nist.gov/vuln/detail/CVE-2021-25288) and which was also fixed in the same version.\n\nIn order the vulnerability to be exploitable, the application needs to decode (i.e., run `Image.open`) on an attacker-controlled file. However, from an attacker's point of view, the vulnerability could only lead to incorporating memory content after the image buffer into the decoded image. The ability of the attacker to access the result and gain useful information is highly nontrivial, and will depend on the application itself.\n\nj2k (aka jpeg2000) consists of bands; color resolution (bytes per pixel) of each band can be different; in versions before 8.2.0, calculation of the buffer size assumed that the color resolutions of all bands are the same, which may lead to accessing data beyond the original buffer size when decoding a malicious image.",
         "Impact": 5,
         "VulnerabilityType": "Denial of service",
         "Resolution": "",
         "ExtendedImpactReasons": [
            {
               "id": 0,
               "PublicVulnsExtendedTblId": 0,
               "Name": "The issue can be exploited by attackers over the network",
               "Description": "",
               "IsPositive": 0,
               "InsertOrder": 3
            },
            {
               "id": 0,
               "PublicVulnsExtendedTblId": 0,
               "Name": "The issue cannot result in a severe impact (such as remote code execution)",
               "Description": "Denial of service or non-sensitive information leak",
               "IsPositive": 1,
               "InsertOrder": 4
            },
            {
               "id": 0,
               "PublicVulnsExtendedTblId": 0,
               "Name": "The issue has no exploit published",
               "Description": "",
               "IsPositive": 1,
               "InsertOrder": 1
            },
            {
               "id": 0,
               "PublicVulnsExtendedTblId": 0,
               "Name": "The CVE has no published technical writeup",
               "Description": "",
               "IsPositive": 1,
               "InsertOrder": 2
            }
         ],
         "ExtendedReferences": null,
         "ExtendedRelatedVulns": null
      },
      "applicability_detail": {
         "component_id": "build://Docker Image CI:4",
         "source_comp_id": "",
         "vulnerability_id": "CVE-2021-25287",
         "result": "not_scanned"
      },
      "is_exposures_issue": false,
      "is_package_issue": false,
      "source": "pillow",
      "source_version": "5.2.0",
      "source_id": "pypi://pillow",
      "component_physical_paths": [
         "jfrog-docker-example/4/sha256__60aad017cf4a8fe66460040cd1e310f7e2cd17f82d5406330ff54ad1f8498230.tar.gz/lib/python3.8/site-packages/pillow/METADATA"
      ]
   },
   {
      "user_issue_id": "1901208109645791232",
      "comp_id": "build://Docker Image CI:4",
      "component_package_type": "build",
      "comp_name": "Docker Image CI",
      "comp_version": "4",
      "type": "security",
      "targets": null,
      "issue_id": "XRAY-231245",
      "paths": [
         "default/builds/Docker Image CI"
      ],
      "watcher_id": "7b33e39bd6d106ec54eea3fe",
      "watcher_name": "Security_watch_1",
      "matched_policies": [
         {
            "policy": "Security_policy_1",
            "rule": "Critical_CVEs",
            "is_blocking": false,
            "blocking_mask": 0,
            "is_skip_not_applicable": false
         }
      ],
      "summary": "The cryptoasset-data-downloader package in PyPI v1.0.0 to v1.0.1 was discovered to contain a code execution backdoor via the request package. This vulnerability allows attackers to access sensitive user information and digital currency keys, as well as escalate privileges.",
      "severity": "Critical",
      "updated": "2025-03-16T09:45:10Z",
      "permissions": {},
      "is_source_root": false,
      "is_high_profile": false,
      "applicability_detail": {
         "component_id": "build://Docker Image CI:4",
         "source_comp_id": "",
         "vulnerability_id": "CVE-2022-32998",
         "result": "not_covered"
      },
      "is_exposures_issue": false,
      "is_package_issue": false,
      "source": "cryptoasset-data-downloader",
      "source_version": "1.0.0",
      "source_id": "pypi://cryptoasset-data-downloader",
      "component_physical_paths": [
         "jfrog-docker-example/4/sha256__60aad017cf4a8fe66460040cd1e310f7e2cd17f82d5406330ff54ad1f8498230.tar.gz/lib/python3.8/site-packages/cryptoasset-data-downloader/METADATA"
      ]
   },
   {
      "user_issue_id": "1901208109587070976",
      "comp_id": "build://Docker Image CI:4",
      "component_package_type": "build",
      "comp_name": "Docker Image CI",
      "comp_version": "4",
      "type": "security",
      "targets": null,
      "issue_id": "XRAY-179460",
      "paths": [
         "default/builds/Docker Image CI"
      ],
      "watcher_id": "7b33e39bd6d106ec54eea3fe",
      "watcher_name": "Security_watch_1",
      "matched_policies": [
         {
            "policy": "Security_policy_1",
            "rule": "Critical_CVEs",
            "is_blocking": false,
            "blocking_mask": 0,
            "is_skip_not_applicable": false
         }
      ],
      "summary": "Pillow through 8.2.0 and PIL (aka Python Imaging Library) through 1.1.7 allow an attacker to pass controlled parameters directly into a convert function to trigger a buffer overflow in Convert.c.",
      "severity": "Critical",
      "updated": "2025-03-16T09:45:10Z",
      "permissions": {},
      "is_source_root": false,
      "is_high_profile": true,
      "high_profile_info": {
         "id": 0,
         "PublicVulnsTblID": 0,
         "VulnId": "XRAY-179460",
         "VulnerabilityTitle": "",
         "ShortDescription": "Static buffer overflow in the Pillow Python library leads to code execution when converting images with a crafted mode.",
         "FullDescription": "[Pillow](https://pillow.readthedocs.io/en/stable/) is a Python imaging library used for image processing capabilities and core image functionality. It is widely used and has over 30M monthly downloads.\n\nA buffer overflow flaw (in a static buffer) was discovered in Pillow, when converting an image. This flaw manifests when the conversion mode string is longer than 100 characters.\n\nIn order the vulnerability to be exploitable, the application needs to convert an image, using the `Image.convert` or `Image.convert_transparent` APIs, and the attacker must control the `mode` argument passed to these functions. Passing a `mode` string longer than 100 characters will cause an overflow - \n```\nfrom PIL import Image\nim = Image.open(some_image_path)\nim.convert(\"A\"*1000)\n```",
         "Impact": 5,
         "VulnerabilityType": "Remote code execution",
         "Resolution": "##### Development mitigations\n\nOn each `convert` call, truncate the mode string to 99 characters -\n\n```\n...\nim.convert(mode=mode[:99])\n...\n```\n\nThis will not affect legitimate requests since all valid mode strings are shorter than 99 characters",
         "ExtendedImpactReasons": [
            {
               "id": 0,
               "PublicVulnsExtendedTblId": 0,
               "Name": "The prerequisites for exploiting the issue are extremely unlikely",
               "Description": "It is highly unlikely that a network attacker would have control of the `mode` argument of the `convert` or `convert_transparent` functions",
               "IsPositive": 1,
               "InsertOrder": 2
            },
            {
               "id": 0,
               "PublicVulnsExtendedTblId": 0,
               "Name": "The reported CVSS was either wrongly calculated, downgraded by other vendors, or does not reflect the vulnerability's impact",
               "Description": "The CVSS claims a low attack complexity, which is wrong since exploitation of this issue is context-dependent",
               "IsPositive": 1,
               "InsertOrder": 4
            },
            {
               "id": 0,
               "PublicVulnsExtendedTblId": 0,
               "Name": "Exploitation of the issue is only possible when the vulnerable component is used in a specific manner. The attacker has to perform per-target research to determine the vulnerable attack vector",
               "Description": "The attacker must find remote input that propagates into the `mode` argument of the `Image.convert` or `Image.convert_transparent` API calls",
               "IsPositive": 1,
               "InsertOrder": 1
            },
            {
               "id": 0,
               "PublicVulnsExtendedTblId": 0,
               "Name": "No high-impact exploit or technical writeup were published, and exploitation of the issue with high impact is either non-trivial or completely unproven",
               "Description": "To cause the buffer overflow (and crash the process), an attacker can simply send a long string as the `mode` argument. However - there are no public resources on how to cause code execution using this overflow, which may be target-specific and nontrivial in case of a static (global) buffer overflow",
               "IsPositive": 1,
               "InsertOrder": 3
            }
         ],
         "ExtendedReferences": [
            {
               "id": 0,
               "PublicVulnsExtendedTblId": 0,
               "RefType": "Patch",
               "Title": "GitHub PR",
               "Url": "https://github.com/python-pillow/Pillow/commit/31c473898c29d1b7cb6555ce67d9503a4906b83f",
               "InsertOrder": 1
            },
            {
               "id": 0,
               "PublicVulnsExtendedTblId": 0,
               "RefType": "Advisory",
               "Title": "Original advisory",
               "Url": "https://pillow.readthedocs.io/en/stable/releasenotes/8.3.0.html#buffer-overflow",
               "InsertOrder": 2
            }
         ],
         "ExtendedRelatedVulns": null
      },
      "applicability_detail": {
         "component_id": "build://Docker Image CI:4",
         "source_comp_id": "",
         "vulnerability_id": "CVE-2021-34552",
         "result": "not_scanned"
      },
      "is_exposures_issue": false,
      "is_package_issue": false,
      "source": "pillow",
      "source_version": "5.2.0",
      "source_id": "pypi://pillow",
      "component_physical_paths": [
         "jfrog-docker-example/4/sha256__60aad017cf4a8fe66460040cd1e310f7e2cd17f82d5406330ff54ad1f8498230.tar.gz/lib/python3.8/site-packages/pillow/METADATA"
      ]
   },
   {
      "user_issue_id": "1901208109410910208",
      "comp_id": "build://Docker Image CI:4",
      "component_package_type": "build",
      "comp_name": "Docker Image CI",
      "comp_version": "4",
      "type": "security",
      "targets": null,
      "issue_id": "XRAY-178903",
      "paths": [
         "default/builds/Docker Image CI"
      ],
      "watcher_id": "7b33e39bd6d106ec54eea3fe",
      "watcher_name": "Security_watch_1",
      "matched_policies": [
         {
            "policy": "Security_policy_1",
            "rule": "Critical_CVEs",
            "is_blocking": false,
            "blocking_mask": 0,
            "is_skip_not_applicable": false
         }
      ],
      "summary": "Django 3.1.x before 3.1.13 and 3.2.x before 3.2.5 allows QuerySet.order_by SQL injection if order_by is untrusted input from a client of a web application.",
      "severity": "Critical",
      "updated": "2025-03-16T09:45:10Z",
      "permissions": {},
      "is_source_root": false,
      "is_high_profile": true,
      "high_profile_info": {
         "id": 0,
         "PublicVulnsTblID": 0,
         "VulnId": "XRAY-178903",
         "VulnerabilityTitle": "",
         "ShortDescription": "Improper input validation in QuerySet in Django allows remote attackers to perform SQL injection.",
         "FullDescription": "Django's [QuerySet.order_by()](https://docs.djangoproject.com/en/3.2/ref/models/querysets/#django.db.models.query.QuerySet.order_by) did not sanitize input correctly and as a result allows SQL injection\n\nWhen using `order_by`, any field names will be passed as a parameter to an SQL statement, since special characters like `‘` are accepted, this causes an SQL injection. \n\nAn attacker controlling the field names for `order_by` is very uncommon.",
         "Impact": 5,
         "VulnerabilityType": "Database injection",
         "Resolution": "",
         "ExtendedImpactReasons": [
            {
               "id": 0,
               "PublicVulnsExtendedTblId": 0,
               "Name": "The issue can be exploited by attackers over the network",
               "Description": "",
               "IsPositive": 0,
               "InsertOrder": 1
            },
            {
               "id": 0,
               "PublicVulnsExtendedTblId": 0,
               "Name": "The prerequisites for exploiting the issue are extremely unlikely",
               "Description": "Attacker controlling field names that are passed to `order_by`",
               "IsPositive": 1,
               "InsertOrder": 2
            }
         ],
         "ExtendedReferences": [
            {
               "id": 0,
               "PublicVulnsExtendedTblId": 0,
               "RefType": "Advisory",
               "Title": "https://github.com/mieczyk/vilya-blog/tree/main/hackme-CVE-2021-35042",
               "Url": "Mieczyk's repository proof-of-concept",
               "InsertOrder": 1
            },
            {
               "id": 0,
               "PublicVulnsExtendedTblId": 0,
               "RefType": "Advisory",
               "Title": "oss-sec advisory",
               "Url": "https://seclists.org/oss-sec/2021/q3/1",
               "InsertOrder": 3
            },
            {
               "id": 0,
               "PublicVulnsExtendedTblId": 0,
               "RefType": "Patch",
               "Title": "https://github.com/django/django/commit/0bd57a879a0d54920bb9038a732645fb917040e9",
               "Url": "https://github.com/django/django/commit/0bd57a879a0d54920bb9038a732645fb917040e9",
               "InsertOrder": 2
            }
         ],
         "ExtendedRelatedVulns": null
      },
      "cve_applicability_info": {
         "scanner_available": true,
         "component_id": "build://Docker Image CI:4",
         "source_comp_id": "pypi://django:3.2",
         "cve_id": "CVE-2021-35042",
         "scan_status": 1,
         "applicability": true,
         "evidence": null,
         "info": "django is used, The vulnerable function QuerySet.order_by is called with a non-constant argument",
         "details": null
      },
      "applicability_detail": {
         "component_id": "build://Docker Image CI:4",
         "source_comp_id": "pypi://django:3.2",
         "vulnerability_id": "CVE-2021-35042",
         "result": "applicable"
      },
      "is_exposures_issue": false,
      "is_package_issue": false,
      "source": "django",
      "source_version": "3.2",
      "source_id": "pypi://django",
      "component_physical_paths": [
         "jfrog-docker-example/4/sha256__60aad017cf4a8fe66460040cd1e310f7e2cd17f82d5406330ff54ad1f8498230.tar.gz/lib/python3.8/site-packages/django/METADATA"
      ]
   },
   {
      "user_issue_id": "1901208109197000704",
      "comp_id": "build://Docker Image CI:4",
      "component_package_type": "build",
      "comp_name": "Docker Image CI",
      "comp_version": "4",
      "type": "security",
      "targets": null,
      "issue_id": "XRAY-198184",
      "paths": [
         "default/builds/Docker Image CI"
      ],
      "watcher_id": "7b33e39bd6d106ec54eea3fe",
      "watcher_name": "Security_watch_1",
      "matched_policies": [
         {
            "policy": "Security_policy_1",
            "rule": "Malicious_packages",
            "is_blocking": false,
            "blocking_mask": 0,
            "is_skip_not_applicable": false
         }
      ],
      "summary": "Malicious package ecopower for Python, Remote access trojan",
      "severity": "Critical",
      "updated": "2025-03-16T09:45:10Z",
      "permissions": {},
      "is_source_root": false,
      "is_high_profile": true,
      "high_profile_info": {
         "id": 0,
         "PublicVulnsTblID": 0,
         "VulnId": "XRAY-198184",
         "VulnerabilityTitle": "",
         "ShortDescription": "Malicious package ecopower for Python, Remote access trojan",
         "FullDescription": "The \"ecopower\" malicious package, has been identified as a malware that executes the [Medusa Python RAT](https://github.com/MythicAgents/Medusa/), calling back to dev-outlook.com.\nThe Medusa C2 agent vies full control of the infected machine to the attacker, allowing arbitrary download & execute, and even more advanced features such as loading a Python module directly into memory (for evasion of disk scanning detections tools).\nThe malicious agent contains the following configuration - \n```\nself.agent_config = {\n      \"Server\": \"https://dev-outlook.com\",\n      \"Port\": \"443\",\n      \"PostURI\": \"/api/v2.0/me/eventdata\",\n      \"PayloadUUID\": \"38f8dfef-b602-4278-9aaf-7287d89ec7af\",\n      \"UUID\": \"\",\n      \"Headers\": [{\"name\": \"User-Agent\", \"key\": \"User-Agent\", \"value\": \" Mozilla/5.0 (X11; Linux x86_64; rv:10.0) Gecko/20100101 Firefox/33.0\", \"custom\": False}],\n      \"Sleep\": 10,\n      \"Jitter\": 23,\n      \"KillDate\": \"2022-11-15\",\n      \"enc_key\": {\"value\": \"aes256_hmac\", \"enc_key\": \"zB/iunx6Yo/DyAsosf9JA14S/A3m1kHl4UsNmMq5SEE=\", \"dec_key\": \"zB/iunx6Yo/DyAsosf9JA14S/A3m1kHl4UsNmMq5SEE=\"},\n      \"ExchChk\": \"T\",\n      \"GetURI\": \"/api/v2.0/me/calendarview\",\n      \"GetParam\": \"getevent\",\n      \"ProxyHost\": \"\",\n      \"ProxyUser\": \"\",\n      \"ProxyPass\": \"\",\n      \"ProxyPort\": \"\",\n}\n```",
         "Impact": 7,
         "VulnerabilityType": "Remote code execution",
         "Resolution": "As with any malware, the malicious package must be completely removed, and steps must be taken care to remediate the damage that was done by the malicious package -\n\n##### Removing the malicious package\n\nRun `pip uninstall ecopower`\n\n##### Refreshing stolen credentials\n\nMany malicious packages steal stored user credentials, focusing on the following -\n\n* [Browser autocomplete](https://jfrog.com/blog/malicious-pypi-packages-stealing-credit-cards-injecting-code/) data, such as saved passwords and credit cards\n* [Environment variables](https://jfrog.com/blog/malicious-npm-packages-are-after-your-discord-tokens-17-new-packages-disclosed/) passed to the malicious code\n* [Stored Discord tokens](https://jfrog.com/blog/malicious-npm-packages-are-after-your-discord-tokens-17-new-packages-disclosed/)\n* AWS / GitHub credentials stored in cleartext files\n\nIt is highly recommended to change or revoke data that is stored in the infected machine at those locations\n\n##### Stopping malicious processes\n\nMany malicious packages start malicious processes such as [connectback shells](https://jfrog.com/blog/jfrog-discloses-3-remote-access-trojans-in-pypi/) or crypto-miners. Search for any unfamiliar processes that consume a large amount of CPU or a large amount of network traffic, and stop them. On Windows, this can be facilitated with [Sysinternals Process Explorer](https://docs.microsoft.com/en-us/sysinternals/downloads/process-explorer).\n\n##### Removing installed backdoors\n\nMany malicious packages install themselves as a [persistent backdoor](https://jfrog.com/blog/npm-supply-chain-attack-targets-german-based-companies/), in order to guarantee the malicious code survives a reboot. Search for any unfamiliar binaries set to be run on startup, and remove them. On Windows, this can be facilitated with [Sysinternals Autoruns](https://docs.microsoft.com/en-us/sysinternals/downloads/autoruns).\n\n##### Defining an Xray policy that blocks downloads of Artifacts with malicious packages\n\nIt is possible to [create an Xray policy](https://www.jfrog.com/confluence/display/JFROG/Creating+Xray+Policies+and+Rules) that will not allow artifacts with identified malicious packages to be downloaded from Artifactory. To create such a policy, add a new `Security` policy and set `Minimal Severity` to `Critical`. Under `Automatic Actions` check the `Block Download` action.\n\n##### Contacting the JFrog Security Research team for additional information\n\nOptionally, if you are unsure of the full impact of the malicious package and wish to get more details, the JFrog Security Research team can help you assess the potential damage from the installed malicious package.\n\nPlease contact us at research@jfrog.com with details of the affected artifact and the name of the identified malicious package.",
         "ExtendedImpactReasons": null,
         "ExtendedReferences": [
            {
               "id": 0,
               "PublicVulnsExtendedTblId": 0,
               "RefType": "Advisory",
               "Title": "Advisory",
               "Url": "https://jfrog.com/blog/jfrog-discloses-3-remote-access-trojans-in-pypi/",
               "InsertOrder": 1
            }
         ],
         "ExtendedRelatedVulns": null
      },
      "applicability_detail": {
         "component_id": "build://Docker Image CI:4",
         "source_comp_id": "",
         "vulnerability_id": "XRAY-198184",
         "result": "not_covered"
      },
      "is_exposures_issue": false,
      "is_package_issue": false,
      "source": "ecopower",
      "source_version": "1.3",
      "source_id": "pypi://ecopower",
      "component_physical_paths": [
         "jfrog-docker-example/4/sha256__60aad017cf4a8fe66460040cd1e310f7e2cd17f82d5406330ff54ad1f8498230.tar.gz/lib/python3.8/site-packages/ecopower/METADATA"
      ]
   },
   {
      "user_issue_id": "1901208109763231744",
      "comp_id": "build://Docker Image CI:4",
      "component_package_type": "build",
      "comp_name": "Docker Image CI",
      "comp_version": "4",
      "type": "security",
      "targets": null,
      "issue_id": "XRAY-263114",
      "paths": [
         "default/builds/Docker Image CI"
      ],
      "watcher_id": "7b33e39bd6d106ec54eea3fe",
      "watcher_name": "Security_watch_1",
      "matched_policies": [
         {
            "policy": "Security_policy_1",
            "rule": "Critical_CVEs",
            "is_blocking": false,
            "blocking_mask": 0,
            "is_skip_not_applicable": false
         }
      ],
      "summary": "TensorFlow is an open source platform for machine learning. The function MakeGrapplerFunctionItem takes arguments that determine the sizes of inputs and outputs. If the inputs given are greater than or equal to the sizes of the outputs, an out-of-bounds memory read or a crash is triggered. We have patched the issue in GitHub commit a65411a1d69edfb16b25907ffb8f73556ce36bb7. The fix will be included in TensorFlow 2.11.0. We will also cherrypick this commit on TensorFlow 2.8.4, 2.9.3, and 2.10.1.",
      "severity": "Critical",
      "updated": "2025-03-16T09:45:10Z",
      "permissions": {},
      "is_source_root": false,
      "is_high_profile": false,
      "applicability_detail": {
         "component_id": "build://Docker Image CI:4",
         "source_comp_id": "",
         "vulnerability_id": "CVE-2022-41910",
         "result": "not_covered"
      },
      "is_exposures_issue": false,
      "is_package_issue": false,
      "source": "tensorflow",
      "source_version": "2.8.0",
      "source_id": "pypi://tensorflow",
      "component_physical_paths": [
         "jfrog-docker-example/4/sha256__60aad017cf4a8fe66460040cd1e310f7e2cd17f82d5406330ff54ad1f8498230.tar.gz/lib/python3.8/site-packages/tensorflow/METADATA"
      ]
   },
   {
      "user_issue_id": "1901208109616431104",
      "comp_id": "build://Docker Image CI:4",
      "component_package_type": "build",
      "comp_name": "Docker Image CI",
      "comp_version": "4",
      "type": "security",
      "targets": null,
      "issue_id": "XRAY-149430",
      "paths": [
         "default/builds/Docker Image CI"
      ],
      "watcher_id": "7b33e39bd6d106ec54eea3fe",
      "watcher_name": "Security_watch_1",
      "matched_policies": [
         {
            "policy": "Security_policy_1",
            "rule": "Critical_CVEs",
            "is_blocking": false,
            "blocking_mask": 0,
            "is_skip_not_applicable": false
         }
      ],
      "summary": "An issue was discovered in Pillow before 8.1.1. TiffDecode has a heap-based buffer overflow when decoding crafted YCbCr files because of certain interpretation conflicts with LibTIFF in RGBA mode. NOTE: this issue exists because of an incomplete fix for CVE-2020-35654.",
      "severity": "Critical",
      "updated": "2025-03-16T09:45:10Z",
      "permissions": {},
      "is_source_root": false,
      "is_high_profile": true,
      "high_profile_info": {
         "id": 0,
         "PublicVulnsTblID": 0,
         "VulnId": "XRAY-149430",
         "VulnerabilityTitle": "",
         "ShortDescription": "A heap overflow in the Pillow Python library leads to code execution when processing a crafted image.",
         "FullDescription": "[Pillow](https://pillow.readthedocs.io/en/stable/) is a Python imaging library used for image processing capabilities and core image functionality. It is widely used and has over 30M monthly downloads.\n\nA 4-byte out-of-bounds heap overflow was discovered, when processing TIFF files. In some cases LibTIFF’s interpretation of the file is different when reading in RGBA mode, leading to an out-of-bounds write in TiffDecode.c. This issue is caused due to an incomplete fix of CVE-2020-35654.\n\nIn order the vulnerability to be exploitable, the application needs to process (i.e. run `Image.open` on) an attacker-controlled TIFF image.",
         "Impact": 6,
         "VulnerabilityType": "Remote code execution",
         "Resolution": "##### Development mitigations\n\nDisable TIFF processing in Pillow - \n```python\nfrom PIL import Image\nformats = [\"BMP\", \"JPG\", ...]  # To get all supported formats run - \"python -m PIL\"\nformats.remove(\"TIFF\")\nwith Image.open(image_path, formats=formats) as im:\n    # Do something with \"im\"\n    ...\n```",
         "ExtendedImpactReasons": [
            {
               "id": 0,
               "PublicVulnsExtendedTblId": 0,
               "Name": "The reported CVSS was either wrongly calculated, downgraded by other vendors, or does not reflect the vulnerability's impact",
               "Description": "The CVSS specifies a low attack complexity, when in reality the attack complexity is high (due to the context-dependent exploitation)",
               "IsPositive": 1,
               "InsertOrder": 1
            },
            {
               "id": 0,
               "PublicVulnsExtendedTblId": 0,
               "Name": "The issue has an exploit published",
               "Description": "A public crashing exploit exists in Pillow's test code. The exploit will need to be adapted to cause RCE, although in the case of a heap overflow in an imaging library it is likely to be possible, due to an abundance of heap-shaping primitives. Notwithstanding, The vulnerability causes only a 4-byte controlled overflow, which may prove difficult to turn into RCE.",
               "IsPositive": 0,
               "InsertOrder": 2
            },
            {
               "id": 0,
               "PublicVulnsExtendedTblId": 0,
               "Name": "Exploitation of the issue is only possible when the vulnerable component is used in a specific manner. The attacker has to perform per-target research to determine the vulnerable attack vector",
               "Description": "The attacker must find a way to upload a TIFF image that will be processed by Pillow.\nSpecifically, an example vulnerable snippet - \n```python\nfrom PIL import Image\nwith Image.open(attacker_tiff_image_path) as im:\n            im.load()  # Any operation on \"im\" will trigger the vulnerability\n```",
               "IsPositive": 1,
               "InsertOrder": 3
            }
         ],
         "ExtendedReferences": [
            {
               "id": 0,
               "PublicVulnsExtendedTblId": 0,
               "RefType": "Patch",
               "Title": "GitHub commit",
               "Url": "https://github.com/python-pillow/Pillow/commit/3fee28eb9479bf7d59e0fa08068f9cc4a6e2f04c",
               "InsertOrder": 3
            },
            {
               "id": 0,
               "PublicVulnsExtendedTblId": 0,
               "RefType": "Exploit",
               "Title": "PoC exploit #1 (test code)",
               "Url": "https://github.com/python-pillow/Pillow/blob/3fee28eb9479bf7d59e0fa08068f9cc4a6e2f04c/Tests/images/crash-0e16d3bfb83be87356d026d66919deaefca44dac.tif",
               "InsertOrder": 4
            },
            {
               "id": 0,
               "PublicVulnsExtendedTblId": 0,
               "RefType": "Advisory",
               "Title": "Original advisory",
               "Url": "https://pillow.readthedocs.io/en/stable/releasenotes/8.1.1.html",
               "InsertOrder": 2
            },
            {
               "id": 0,
               "PublicVulnsExtendedTblId": 0,
               "RefType": "Exploit",
               "Title": "PoC exploit #2 (test code)",
               "Url": "https://github.com/python-pillow/Pillow/blob/3fee28eb9479bf7d59e0fa08068f9cc4a6e2f04c/Tests/images/crash-1152ec2d1a1a71395b6f2ce6721c38924d025bf3.tif",
               "InsertOrder": 1
            }
         ],
         "ExtendedRelatedVulns": null
      },
      "applicability_detail": {
         "component_id": "build://Docker Image CI:4",
         "source_comp_id": "",
         "vulnerability_id": "CVE-2021-25289",
         "result": "not_scanned"
      },
      "is_exposures_issue": false,
      "is_package_issue": false,
      "source": "pillow",
      "source_version": "5.2.0",
      "source_id": "pypi://pillow",
      "component_physical_paths": [
         "jfrog-docker-example/4/sha256__60aad017cf4a8fe66460040cd1e310f7e2cd17f82d5406330ff54ad1f8498230.tar.gz/lib/python3.8/site-packages/pillow/METADATA"
      ]
   },
   {
      "user_issue_id": "1901208109498990592",
      "comp_id": "build://Docker Image CI:4",
      "component_package_type": "build",
      "comp_name": "Docker Image CI",
      "comp_version": "4",
      "type": "security",
      "targets": null,
      "issue_id": "XRAY-249065",
      "paths": [
         "default/builds/Docker Image CI"
      ],
      "watcher_id": "7b33e39bd6d106ec54eea3fe",
      "watcher_name": "Security_watch_1",
      "matched_policies": [
         {
            "policy": "Security_policy_1",
            "rule": "Malicious_packages",
            "is_blocking": false,
            "blocking_mask": 0,
            "is_skip_not_applicable": false
         }
      ],
      "summary": "Malicious package zlibsrc for Python",
      "severity": "Critical",
      "updated": "2025-03-16T09:45:10Z",
      "permissions": {},
      "is_source_root": false,
      "is_high_profile": true,
      "high_profile_info": {
         "id": 0,
         "PublicVulnsTblID": 0,
         "VulnId": "XRAY-249065",
         "VulnerabilityTitle": "",
         "ShortDescription": "Malicious package zlibsrc for Python",
         "FullDescription": "Malicious package zlibsrc for Python has been identified as a malware.",
         "Impact": 7,
         "VulnerabilityType": "Remote code execution",
         "Resolution": "As with any malware, the malicious package must be completely removed, and steps must be taken care to remediate the damage that was done by the malicious package -\n\n#### Removing the malicious package\n\nRun `pip uninstall zlibsrc`\n\n#### Refreshing stolen credentials\n\nMany malicious packages steal stored user credentials, focusing on the following -\n\n* [Browser autocomplete](https://jfrog.com/blog/malicious-pypi-packages-stealing-credit-cards-injecting-code/) data, such as saved passwords and credit cards\n* [Environment variables](https://jfrog.com/blog/malicious-npm-packages-are-after-your-discord-tokens-17-new-packages-disclosed/) passed to the malicious code\n* [Stored Discord tokens](https://jfrog.com/blog/malicious-npm-packages-are-after-your-discord-tokens-17-new-packages-disclosed/)\n* AWS / GitHub credentials stored in cleartext files\n\nIt is highly recommended to change or revoke data that is stored in the infected machine at those locations\n\n#### Stopping malicious processes\n\nMany malicious packages start malicious processes such as [connectback shells](https://jfrog.com/blog/jfrog-discloses-3-remote-access-trojans-in-pypi/) or crypto-miners. Search for any unfamiliar processes that consume a large amount of CPU or a large amount of network traffic, and stop them. On Windows, this can be facilitated with [Sysinternals Process Explorer](https://docs.microsoft.com/en-us/sysinternals/downloads/process-explorer).\n\n#### Removing installed backdoors\n\nMany malicious packages install themselves as a [persistent backdoor](https://jfrog.com/blog/npm-supply-chain-attack-targets-german-based-companies/), in order to guarantee the malicious code survives a reboot. Search for any unfamiliar binaries set to be run on startup, and remove them. On Windows, this can be facilitated with [Sysinternals Autoruns](https://docs.microsoft.com/en-us/sysinternals/downloads/autoruns).\n\n#### Defining an Xray policy that blocks downloads of Artifacts with malicious packages\n\nIt is possible to [create an Xray policy](https://www.jfrog.com/confluence/display/JFROG/Creating+Xray+Policies+and+Rules) that will not allow artifacts with identified malicious packages to be downloaded from Artifactory. To create such a policy, add a new `Security` policy and set `Minimal Severity` to `Critical`. Under `Automatic Actions` check the `Block Download` action.\n\n#### Contacting the JFrog Security Research team for additional information\n\nOptionally, if you are unsure of the full impact of the malicious package and wish to get more details, the JFrog Security Research team can help you assess the potential damage from the installed malicious package.\n\nPlease contact us at research@jfrog.com with details of the affected artifact and the name of the identified malicious package.",
         "ExtendedImpactReasons": null,
         "ExtendedReferences": [
            {
               "id": 0,
               "PublicVulnsExtendedTblId": 0,
               "RefType": "Advisory",
               "Title": "Advisory",
               "Url": "https://research.checkpoint.com/2022/cloudguard-spectral-detects-several-malicious-packages-on-pypi-the-official-software-repository-for-python-developers/",
               "InsertOrder": 1
            }
         ],
         "ExtendedRelatedVulns": null
      },
      "applicability_detail": {
         "component_id": "build://Docker Image CI:4",
         "source_comp_id": "",
         "vulnerability_id": "XRAY-249065",
         "result": "not_covered"
      },
      "is_exposures_issue": false,
      "is_package_issue": false,
      "source": "zlibsrc",
      "source_version": "1.1",
      "source_id": "pypi://zlibsrc",
      "component_physical_paths": [
         "jfrog-docker-example/4/sha256__60aad017cf4a8fe66460040cd1e310f7e2cd17f82d5406330ff54ad1f8498230.tar.gz/lib/python3.8/site-packages/zlibsrc/METADATA"
      ]
   },
   {
      "user_issue_id": "1901208109675151360",
      "comp_id": "build://Docker Image CI:4",
      "component_package_type": "build",
      "comp_name": "Docker Image CI",
      "comp_version": "4",
      "type": "security",
      "targets": null,
      "issue_id": "XRAY-261630",
      "paths": [
         "default/builds/Docker Image CI"
      ],
      "watcher_id": "7b33e39bd6d106ec54eea3fe",
      "watcher_name": "Security_watch_1",
      "matched_policies": [
         {
            "policy": "Security_policy_1",
            "rule": "Critical_CVEs",
            "is_blocking": false,
            "blocking_mask": 0,
            "is_skip_not_applicable": false
         }
      ],
      "summary": "TensorFlow is an open source platform for machine learning. When the `BaseCandidateSamplerOp` function receives a value in `true_classes` larger than `range_max`, a heap oob read occurs. We have patched the issue in GitHub commit b389f5c944cadfdfe599b3f1e4026e036f30d2d4. The fix will be included in TensorFlow 2.11. We will also cherrypick this commit on TensorFlow 2.10.1, 2.9.3, and TensorFlow 2.8.4, as these are also affected and still in supported range.",
      "severity": "Critical",
      "updated": "2025-03-16T09:45:10Z",
      "permissions": {},
      "is_source_root": false,
      "is_high_profile": false,
      "applicability_detail": {
         "component_id": "build://Docker Image CI:4",
         "source_comp_id": "",
         "vulnerability_id": "CVE-2022-41880",
         "result": "not_covered"
      },
      "is_exposures_issue": false,
      "is_package_issue": false,
      "source": "tensorflow",
      "source_version": "2.8.0",
      "source_id": "pypi://tensorflow",
      "component_physical_paths": [
         "jfrog-docker-example/4/sha256__60aad017cf4a8fe66460040cd1e310f7e2cd17f82d5406330ff54ad1f8498230.tar.gz/lib/python3.8/site-packages/tensorflow/METADATA"
      ]
   },
   {
      "user_issue_id": "1901208109557710848",
      "comp_id": "build://Docker Image CI:4",
      "component_package_type": "build",
      "comp_name": "Docker Image CI",
      "comp_version": "4",
      "type": "security",
      "targets": null,
      "issue_id": "XRAY-261604",
      "paths": [
         "default/builds/Docker Image CI"
      ],
      "watcher_id": "7b33e39bd6d106ec54eea3fe",
      "watcher_name": "Security_watch_1",
      "matched_policies": [
         {
            "policy": "Security_policy_1",
            "rule": "Critical_CVEs",
            "is_blocking": false,
            "blocking_mask": 0,
            "is_skip_not_applicable": false
         }
      ],
      "summary": "TensorFlow is an open source platform for machine learning. The security vulnerability results in FractionalMax(AVG)Pool with illegal pooling_ratio. Attackers using Tensorflow can exploit the vulnerability. They can access heap memory which is not in the control of user, leading to a crash or remote code execution. We have patched the issue in GitHub commit 216525144ee7c910296f5b05d214ca1327c9ce48. The fix will be included in TensorFlow 2.11.0. We will also cherry pick this commit on TensorFlow 2.10.1.",
      "severity": "Critical",
      "updated": "2025-03-16T09:45:10Z",
      "permissions": {},
      "is_source_root": false,
      "is_high_profile": false,
      "applicability_detail": {
         "component_id": "build://Docker Image CI:4",
         "source_comp_id": "",
         "vulnerability_id": "CVE-2022-41900",
         "result": "not_covered"
      },
      "is_exposures_issue": false,
      "is_package_issue": false,
      "source": "tensorflow",
      "source_version": "2.8.0",
      "source_id": "pypi://tensorflow",
      "component_physical_paths": [
         "jfrog-docker-example/4/sha256__60aad017cf4a8fe66460040cd1e310f7e2cd17f82d5406330ff54ad1f8498230.tar.gz/lib/python3.8/site-packages/tensorflow/METADATA"
      ]
   },
   {
      "user_issue_id": "1901208109528350720",
      "comp_id": "build://Docker Image CI:4",
      "component_package_type": "build",
      "comp_name": "Docker Image CI",
      "comp_version": "4",
      "type": "security",
      "targets": null,
      "issue_id": "XRAY-263115",
      "paths": [
         "default/builds/Docker Image CI"
      ],
      "watcher_id": "7b33e39bd6d106ec54eea3fe",
      "watcher_name": "Security_watch_1",
      "matched_policies": [
         {
            "policy": "Security_policy_1",
            "rule": "Critical_CVEs",
            "is_blocking": false,
            "blocking_mask": 0,
            "is_skip_not_applicable": false
         }
      ],
      "summary": "TensorFlow is an open source platform for machine learning. The function MakeGrapplerFunctionItem takes arguments that determine the sizes of inputs and outputs. If the inputs given are greater than or equal to the sizes of the outputs, an out-of-bounds memory read or a crash is triggered. We have patched the issue in GitHub commit a65411a1d69edfb16b25907ffb8f73556ce36bb7. The fix will be included in TensorFlow 2.11.0. We will also cherrypick this commit on TensorFlow 2.8.4, 2.9.3, and 2.10.1.",
      "severity": "Critical",
      "updated": "2025-03-16T09:45:10Z",
      "permissions": {},
      "is_source_root": false,
      "is_high_profile": false,
      "applicability_detail": {
         "component_id": "build://Docker Image CI:4",
         "source_comp_id": "",
         "vulnerability_id": "CVE-2022-41902",
         "result": "not_covered"
      },
      "is_exposures_issue": false,
      "is_package_issue": false,
      "source": "tensorflow",
      "source_version": "2.8.0",
      "source_id": "pypi://tensorflow",
      "component_physical_paths": [
         "jfrog-docker-example/4/sha256__60aad017cf4a8fe66460040cd1e310f7e2cd17f82d5406330ff54ad1f8498230.tar.gz/lib/python3.8/site-packages/tensorflow/METADATA"
      ]
   },
   {
      "user_issue_id": "1901208109293469696",
      "comp_id": "build://Docker Image CI:4",
      "component_package_type": "build",
      "comp_name": "Docker Image CI",
      "comp_version": "4",
      "type": "security",
      "targets": null,
      "issue_id": "XRAY-255967",
      "paths": [
         "default/builds/Docker Image CI"
      ],
      "watcher_id": "7b33e39bd6d106ec54eea3fe",
      "watcher_name": "Security_watch_1",
      "matched_policies": [
         {
            "policy": "Security_policy_1",
            "rule": "Critical_CVEs",
            "is_blocking": false,
            "blocking_mask": 0,
            "is_skip_not_applicable": false
         }
      ],
      "summary": "TensorFlow is an open source platform for machine learning. The `GatherNd` function takes arguments that determine the sizes of inputs and outputs. If the inputs given are greater than or equal to the sizes of the outputs, an out-of-bounds memory read is triggered. This issue has been patched in GitHub commit 595a65a3e224a0362d7e68c2213acfc2b499a196. The fix will be included in TensorFlow 2.10.0. We will also cherrypick this commit on TensorFlow 2.9.1, TensorFlow 2.8.1, and TensorFlow 2.7.2, as these are also affected and still in supported range. There are no known workarounds for this issue.",
      "severity": "Critical",
      "updated": "2025-03-16T09:45:10Z",
      "permissions": {},
      "is_source_root": false,
      "is_high_profile": false,
      "applicability_detail": {
         "component_id": "build://Docker Image CI:4",
         "source_comp_id": "",
         "vulnerability_id": "CVE-2022-35937",
         "result": "not_covered"
      },
      "is_exposures_issue": false,
      "is_package_issue": false,
      "source": "tensorflow",
      "source_version": "2.8.0",
      "source_id": "pypi://tensorflow",
      "component_physical_paths": [
         "jfrog-docker-example/4/sha256__60aad017cf4a8fe66460040cd1e310f7e2cd17f82d5406330ff54ad1f8498230.tar.gz/lib/python3.8/site-packages/tensorflow/METADATA"
      ]
   }
]
